[
  {
    "username": "random",
    "password": "$2a$10$wWVrkT4n4Rcx8Qi1BtGc9.IL86j5ihAV/7D9uimn06GHfxs558FTm"
  },
  {
    "username": "rohit",
    "password": "$2a$10$maxNiXTb5i868ScLIQ3/HOynCloZihC5oN0yhbzAOvIUBdPK227KK"
  },
  {
    "username": "vudumul",
    "password": "$2a$10$5fJgsA1iW78ZLtJ.YNj88ek/jUCT3gqkmnaTs2oZf0kGo7A6pxOny"
  },
  {
    "username": "imran",
    "password": "$2a$10$dxU8v/aCTaJV8aNsMc5xjOjxVv66KfAUH1g3v4dtM/QQyZqZTD7qO"
  },
  {
    "username": "shrey",
    "password": "$2a$10$h.ExmwPEpVBKJ5RvdfSuz.ENboCC4yzNsXoxwKlnFlIhkzGn9fMBu"
  },
  {
    "username": "shreyy",
    "password": "$2a$10$2Hs/5wlg7eeB7RriUPPm0e3XqlLu3B1KVUpuc..0TKEM2Y2R2v21i"
  },
  {
    "username": "shrey001",
    "password": "$2a$10$Wpff56AA9o3ciZjTQX6vM.T/k9tAd40Y8JqAiTURNSYqrZ9YooNiK"
  },
  {
    "username": "surya ",
    "password": "$2a$10$5fjNKcRCtBBC0U.AkRBvX.v/O3sHZkTMxXYtfeXcG8qu8mgKYiVri"
  },
  {
    "username": "surya",
    "password": "$2a$10$RK921ROCABwEOPb1D.v3JuWIEM1OnFNaM0IKp1gCD.eTbn7RFvwxS"
  },
  {
    "username": "jai",
    "password": "$2a$10$aNUM.0EnTNVaCVhc2jmppOuXV7cdAWr9c/3x3Al3.cblwDu6n2Rbi"
  },
  {
    "username": "tes1",
    "password": "$2a$10$WJuBBao64JIprj18tNIOJ.premheQav20qOLU7YlryY.dY7689oIS"
  },
  {
    "username": "suryava",
    "password": "$2a$10$gYdn7mLMw1cXf261ZfnHkuIjusmrpHq.Xnz5PcC/d9eayJdqb5D62"
  }
]